{
	"$schema": "https://schemas.wp.org/trunk/theme.json",
	"version": 2,
	"title": "Gust",
	"settings": {
		"color": {
			"palette": [
				{
					"color": "#0EA5E9",
					"name": "Primary",
					"slug": "primary"
				},
				{
					"color": "#64748B",
					"name": "Mono 2",
					"slug": "mono-2"
				},
				{
					"color": "#FFFFFF",
					"name": "Contrast Light",
					"slug": "contrast-light"
				},
				{
					"color": "#000000",
					"name": "Contrast Dark",
					"slug": "contrast-dark"
				},
				{
					"color": "#082F49",
					"name": "Featured",
					"slug": "featured"
				},
				{
					"color": "#F0F9FF",
					"name": "Base",
					"slug": "base"
				},
				{
					"color": "#0C4A6E",
					"name": "Mono 1",
					"slug": "mono-1"
				},
				{
					"color": "#BAE6FD",
					"name": "Mono 3",
					"slug": "mono-3"
				},
				{
					"color": "#E0F2FE",
					"name": "Mono 4",
					"slug": "mono-4"
				},
				{
					"color": "#3993FF",
					"name": "Primary Hover",
					"slug": "primary-hover"
				}
			]
		}
	}
}
